"","mean","sd","ci_cohort1","ci_cohort2"
"1",0.706701901198147,0.0394159158187114,"0.752658576254222","0.785123966942149"
"2",0.723791936235608,0.0633938605626514,"0.766170399099212","0.81267217630854"
"3",0.714258475238697,0.0533495123167993,"0.737019892405855","0.819100091827365"
"4",0.721660641479457,0.0603428466264189,"0.743525584886776","0.842056932966024"
"5",0.713230388086178,0.0530140318128645,"0.735018140873264","0.812978267523722"
"6",0.729002652273219,0.0631543417668067,"0.740522957587889","0.842056932966024"
"7",0.706777492444043,0.0861701967602881,"0.703615663705742","0.78236914600551"
