,model,mean,sd,ci_coh1,ci_coh2
0,results_intersect_pdata_model2,0.64501053,0.07723297,0.70238096,0.75459254
1,results_intersect_pdata_model3,0.68214864,0.07688051,0.76204157,0.8332548
