"","model","mean","sd","model_class","dataset","ci_coh1","ci_coh2"
"1","final_imp",0.716061193767385,0.0517191672373088,"CoxPH","Imputed","0.738771424996872","0.815120906029997"
"2","final_imp_pData",0.728048967742956,0.0613308843545195,"CoxPH","pData_Imputed","0.753284123608157","0.840526476890113"
"3","final_inter",0.716569132645439,0.0520591987192847,"CoxPH","Intersection","0.738020768172151","0.812978267523722"
"4","final_pData_aenc",0.725372056343055,0.0639847069500884,"CoxPH","pData_AutoEncoder","0.599649693481797","0.696663605754515"
"5","final_pData_inter",0.727506753507564,0.0610965295198372,"CoxPH","pData_Intersection","0.742399599649693","0.839608203244567"
"6","final_pData3",0.705232382150747,0.0846928781711131,"CoxPH","pData","0.703865882647316","0.773492500765228"
