,model,mean,sd,ci_coh1,ci_coh2
0,deepsurv_autoencoder_pData,0.5396623504066832,0.0512962185420055,0.44168962350780533,0.5611159764794195
