"","mean","sd","ci_cohort1","ci_cohort2"
"1",0.7088759991604,0.072350616532615,"0.756286750907044","0.835935108662381"
