"","mean","sd","ci_cohort1","ci_cohort2"
"1",0.703306043678991,0.0796504319979657,"0.755285875140748","0.833180287725742"
