"","mean","sd","ci_cohort1","ci_cohort2"
"1",0.660400901062796,0.106216590299565,"0.671087201301138","0.796822487014971"
"2",0.700162190685484,0.0881528336329862,"0.667584136119104","0.842346471127406"
"3",0.669124805423002,0.107196892258076,"0.615413486800951","0.766880537732967"
"4",0.66682446268185,0.105316687986911,"0.655823845865132","0.775740910479682"
"5",0.679565826168185,0.0955650172716228,"0.61791567621669","0.78337916284754"
"6",0.667233618972182,0.0990690366039869,"0.654822970098836","0.772685609532539"
"7",0.67665089076003,0.0885561867513865,"0.631677718003253","0.767186067827681"
